district,standard,value,unit,code_section,effective_date,source_file,source_page,source_line,notes,reviewed_by
R1D-VL,min_lot_size,6000.0,sqft,903.03.A.2,2025-05-07,Residential Zoning Districts.pdf,3,"Minimum Lot Size 6,000 s.f.",,
R1A-VL,min_lot_size,6000.0,sqft,903.03.A.2,2025-05-07,Residential Zoning Districts.pdf,3,"Minimum Lot Size 6,000 s.f.",,
R2-VL,min_lot_size,6000.0,sqft,903.03.A.2,2025-05-07,Residential Zoning Districts.pdf,3,"Minimum Lot Size 6,000 s.f.",,
R3-VL,min_lot_size,6000.0,sqft,903.03.A.2,2025-05-07,Residential Zoning Districts.pdf,3,"Minimum Lot Size 6,000 s.f.",,
RM-VL,min_lot_size,6000.0,sqft,903.03.A.2,2025-05-07,Residential Zoning Districts.pdf,3,"Minimum Lot Size 6,000 s.f.",,
R1D-VL,min_front_setback,30.0,ft,903.03.A.2,2025-05-07,Residential Zoning Districts.pdf,3,"R1D, R1A, R2 & R3 Subdistricts 30 ft.",,
R1A-VL,min_front_setback,30.0,ft,903.03.A.2,2025-05-07,Residential Zoning Districts.pdf,3,"R1D, R1A, R2 & R3 Subdistricts 30 ft.",,
R2-VL,min_front_setback,30.0,ft,903.03.A.2,2025-05-07,Residential Zoning Districts.pdf,3,"R1D, R1A, R2 & R3 Subdistricts 30 ft.",,
R3-VL,min_front_setback,30.0,ft,903.03.A.2,2025-05-07,Residential Zoning Districts.pdf,3,"R1D, R1A, R2 & R3 Subdistricts 30 ft.",,
RM-VL,min_front_setback,30.0,ft,903.03.A.2,2025-05-07,Residential Zoning Districts.pdf,3,RM Subdistrict 30 ft.,,
R1D-VL,min_rear_setback,30.0,ft,903.03.A.2,2025-05-07,Residential Zoning Districts.pdf,3,"R1D, R1A, R2 & R3 Subdistricts 30 ft.",,
R1A-VL,min_rear_setback,30.0,ft,903.03.A.2,2025-05-07,Residential Zoning Districts.pdf,3,"R1D, R1A, R2 & R3 Subdistricts 30 ft.",,
R2-VL,min_rear_setback,30.0,ft,903.03.A.2,2025-05-07,Residential Zoning Districts.pdf,3,"R1D, R1A, R2 & R3 Subdistricts 30 ft.",,
R3-VL,min_rear_setback,30.0,ft,903.03.A.2,2025-05-07,Residential Zoning Districts.pdf,3,"R1D, R1A, R2 & R3 Subdistricts 30 ft.",,
RM-VL,min_rear_setback,30.0,ft,903.03.A.2,2025-05-07,Residential Zoning Districts.pdf,3,RM Subdistrict 30 ft.,,
R1D-VL,min_exterior_side_setback,30.0,ft,903.03.A.2,2025-05-07,Residential Zoning Districts.pdf,3,"R1D, R1A, R2 & R3 Subdistricts 30 ft.",,
R1A-VL,min_exterior_side_setback,30.0,ft,903.03.A.2,2025-05-07,Residential Zoning Districts.pdf,3,"R1D, R1A, R2 & R3 Subdistricts 30 ft.",,
R2-VL,min_exterior_side_setback,30.0,ft,903.03.A.2,2025-05-07,Residential Zoning Districts.pdf,3,"R1D, R1A, R2 & R3 Subdistricts 30 ft.",,
R3-VL,min_exterior_side_setback,30.0,ft,903.03.A.2,2025-05-07,Residential Zoning Districts.pdf,3,"R1D, R1A, R2 & R3 Subdistricts 30 ft.",,
RM-VL,min_exterior_side_setback,30.0,ft,903.03.A.2,2025-05-07,Residential Zoning Districts.pdf,3,RM Subdistrict 30 ft.,,
R1D-VL,min_interior_side_setback,5.0,ft,903.03.A.2,2025-05-07,Residential Zoning Districts.pdf,3,"R1D, R2 & R3 Subdistricts 5 ft, on one side; 10 ft. on the other side","Asymmetric: 5 ft one side, 10 ft the other",
R2-VL,min_interior_side_setback,5.0,ft,903.03.A.2,2025-05-07,Residential Zoning Districts.pdf,3,"R1D, R2 & R3 Subdistricts 5 ft, on one side; 10 ft. on the other side","Asymmetric: 5 ft one side, 10 ft the other",
R3-VL,min_interior_side_setback,5.0,ft,903.03.A.2,2025-05-07,Residential Zoning Districts.pdf,3,"R1D, R2 & R3 Subdistricts 5 ft, on one side; 10 ft. on the other side","Asymmetric: 5 ft one side, 10 ft the other",
R1A-VL,min_interior_side_setback,5.0,ft,903.03.A.2,2025-05-07,Residential Zoning Districts.pdf,3,R1A Subdistrict 5 ft.,,
RM-VL,min_interior_side_setback,30.0,ft,903.03.A.2,2025-05-07,Residential Zoning Districts.pdf,3,RM Subdistrict 30 ft.,,
R1D-VL,max_height,40.0,ft,903.03.A.2,2025-05-07,Residential Zoning Districts.pdf,3,"R1D, R1A, R2 & R3 Subdistricts 40 ft. (not to exceed 3 stories)",,
R1D-VL,max_stories,3.0,stories,903.03.A.2,2025-05-07,Residential Zoning Districts.pdf,3,"R1D, R1A, R2 & R3 Subdistricts 40 ft. (not to exceed 3 stories)",,
R1A-VL,max_height,40.0,ft,903.03.A.2,2025-05-07,Residential Zoning Districts.pdf,3,"R1D, R1A, R2 & R3 Subdistricts 40 ft. (not to exceed 3 stories)",,
R1A-VL,max_stories,3.0,stories,903.03.A.2,2025-05-07,Residential Zoning Districts.pdf,3,"R1D, R1A, R2 & R3 Subdistricts 40 ft. (not to exceed 3 stories)",,
R2-VL,max_height,40.0,ft,903.03.A.2,2025-05-07,Residential Zoning Districts.pdf,3,"R1D, R1A, R2 & R3 Subdistricts 40 ft. (not to exceed 3 stories)",,
R2-VL,max_stories,3.0,stories,903.03.A.2,2025-05-07,Residential Zoning Districts.pdf,3,"R1D, R1A, R2 & R3 Subdistricts 40 ft. (not to exceed 3 stories)",,
R3-VL,max_height,40.0,ft,903.03.A.2,2025-05-07,Residential Zoning Districts.pdf,3,"R1D, R1A, R2 & R3 Subdistricts 40 ft. (not to exceed 3 stories)",,
R3-VL,max_stories,3.0,stories,903.03.A.2,2025-05-07,Residential Zoning Districts.pdf,3,"R1D, R1A, R2 & R3 Subdistricts 40 ft. (not to exceed 3 stories)",,
RM-VL,max_height,40.0,ft,903.03.A.2,2025-05-07,Residential Zoning Districts.pdf,3,RM Subdistrict 40 ft. (not to exceed 3 stories),,
RM-VL,max_stories,3.0,stories,903.03.A.2,2025-05-07,Residential Zoning Districts.pdf,3,RM Subdistrict 40 ft. (not to exceed 3 stories),,
R1D-L,min_lot_size,3000.0,sqft,903.03.B.2,2025-05-07,Residential Zoning Districts.pdf,4,"Minimum Lot Size 3,000 s.f.",,
R1A-L,min_lot_size,3000.0,sqft,903.03.B.2,2025-05-07,Residential Zoning Districts.pdf,4,"Minimum Lot Size 3,000 s.f.",,
R2-L,min_lot_size,3000.0,sqft,903.03.B.2,2025-05-07,Residential Zoning Districts.pdf,4,"Minimum Lot Size 3,000 s.f.",,
R3-L,min_lot_size,3000.0,sqft,903.03.B.2,2025-05-07,Residential Zoning Districts.pdf,4,"Minimum Lot Size 3,000 s.f.",,
RM-L,min_lot_size,3000.0,sqft,903.03.B.2,2025-05-07,Residential Zoning Districts.pdf,4,"Minimum Lot Size 3,000 s.f.",,
R1D-L,min_front_setback,30.0,ft,903.03.B.2,2025-05-07,Residential Zoning Districts.pdf,4,"R1D, R1A, R2 & R3 Subdistricts 30 ft.",,
R1A-L,min_front_setback,30.0,ft,903.03.B.2,2025-05-07,Residential Zoning Districts.pdf,4,"R1D, R1A, R2 & R3 Subdistricts 30 ft.",,
R2-L,min_front_setback,30.0,ft,903.03.B.2,2025-05-07,Residential Zoning Districts.pdf,4,"R1D, R1A, R2 & R3 Subdistricts 30 ft.",,
R3-L,min_front_setback,30.0,ft,903.03.B.2,2025-05-07,Residential Zoning Districts.pdf,4,"R1D, R1A, R2 & R3 Subdistricts 30 ft.",,
RM-L,min_front_setback,25.0,ft,903.03.B.2,2025-05-07,Residential Zoning Districts.pdf,4,RM Subdistrict 25 ft.,,
R1D-L,min_rear_setback,30.0,ft,903.03.B.2,2025-05-07,Residential Zoning Districts.pdf,4,"R1D, R1A, R2 & R3 Subdistricts 30 ft.",,
R1A-L,min_rear_setback,30.0,ft,903.03.B.2,2025-05-07,Residential Zoning Districts.pdf,4,"R1D, R1A, R2 & R3 Subdistricts 30 ft.",,
R2-L,min_rear_setback,30.0,ft,903.03.B.2,2025-05-07,Residential Zoning Districts.pdf,4,"R1D, R1A, R2 & R3 Subdistricts 30 ft.",,
R3-L,min_rear_setback,30.0,ft,903.03.B.2,2025-05-07,Residential Zoning Districts.pdf,4,"R1D, R1A, R2 & R3 Subdistricts 30 ft.",,
RM-L,min_rear_setback,25.0,ft,903.03.B.2,2025-05-07,Residential Zoning Districts.pdf,4,RM Subdistrict 25 ft.,,
R1D-L,min_exterior_side_setback,30.0,ft,903.03.B.2,2025-05-07,Residential Zoning Districts.pdf,4,"R1D, R1A, R2 & R3 Subdistricts 30 ft.",,
R1A-L,min_exterior_side_setback,30.0,ft,903.03.B.2,2025-05-07,Residential Zoning Districts.pdf,4,"R1D, R1A, R2 & R3 Subdistricts 30 ft.",,
R2-L,min_exterior_side_setback,30.0,ft,903.03.B.2,2025-05-07,Residential Zoning Districts.pdf,4,"R1D, R1A, R2 & R3 Subdistricts 30 ft.",,
R3-L,min_exterior_side_setback,30.0,ft,903.03.B.2,2025-05-07,Residential Zoning Districts.pdf,4,"R1D, R1A, R2 & R3 Subdistricts 30 ft.",,
RM-L,min_exterior_side_setback,30.0,ft,903.03.B.2,2025-05-07,Residential Zoning Districts.pdf,4,RM Subdistrict 30 ft.,,
R1D-L,min_interior_side_setback,5.0,ft,903.03.B.2,2025-05-07,Residential Zoning Districts.pdf,4,"R1D, R2 & R3 Subdistricts 5 ft",,
R2-L,min_interior_side_setback,5.0,ft,903.03.B.2,2025-05-07,Residential Zoning Districts.pdf,4,"R1D, R2 & R3 Subdistricts 5 ft",,
R3-L,min_interior_side_setback,5.0,ft,903.03.B.2,2025-05-07,Residential Zoning Districts.pdf,4,"R1D, R2 & R3 Subdistricts 5 ft",,
R1A-L,min_interior_side_setback,5.0,ft,903.03.B.2,2025-05-07,Residential Zoning Districts.pdf,4,R1A Subdistrict 5 ft.,,
RM-L,min_interior_side_setback,25.0,ft,903.03.B.2,2025-05-07,Residential Zoning Districts.pdf,4,RM Subdistrict 25 ft.,,
R1D-L,max_height,40.0,ft,903.03.B.2,2025-05-07,Residential Zoning Districts.pdf,4,"R1D, R1A, R2 & R3 Subdistricts 40 ft. (not to exceed 3 stories)",,
R1D-L,max_stories,3.0,stories,903.03.B.2,2025-05-07,Residential Zoning Districts.pdf,4,"R1D, R1A, R2 & R3 Subdistricts 40 ft. (not to exceed 3 stories)",,
R1A-L,max_height,40.0,ft,903.03.B.2,2025-05-07,Residential Zoning Districts.pdf,4,"R1D, R1A, R2 & R3 Subdistricts 40 ft. (not to exceed 3 stories)",,
R1A-L,max_stories,3.0,stories,903.03.B.2,2025-05-07,Residential Zoning Districts.pdf,4,"R1D, R1A, R2 & R3 Subdistricts 40 ft. (not to exceed 3 stories)",,
R2-L,max_height,40.0,ft,903.03.B.2,2025-05-07,Residential Zoning Districts.pdf,4,"R1D, R1A, R2 & R3 Subdistricts 40 ft. (not to exceed 3 stories)",,
R2-L,max_stories,3.0,stories,903.03.B.2,2025-05-07,Residential Zoning Districts.pdf,4,"R1D, R1A, R2 & R3 Subdistricts 40 ft. (not to exceed 3 stories)",,
R3-L,max_height,40.0,ft,903.03.B.2,2025-05-07,Residential Zoning Districts.pdf,4,"R1D, R1A, R2 & R3 Subdistricts 40 ft. (not to exceed 3 stories)",,
R3-L,max_stories,3.0,stories,903.03.B.2,2025-05-07,Residential Zoning Districts.pdf,4,"R1D, R1A, R2 & R3 Subdistricts 40 ft. (not to exceed 3 stories)",,
RM-L,max_height,40.0,ft,903.03.B.2,2025-05-07,Residential Zoning Districts.pdf,4,RM Subdistrict 40 ft. (not to exceed 3 stories),,
RM-L,max_stories,3.0,stories,903.03.B.2,2025-05-07,Residential Zoning Districts.pdf,4,RM Subdistrict 40 ft. (not to exceed 3 stories),,
R1D-M,min_lot_size,2400.0,sqft,903.03.C.2,2025-05-07,Residential Zoning Districts.pdf,5,"Minimum Lot Size 2,400 s.f.",,
R1A-M,min_lot_size,2400.0,sqft,903.03.C.2,2025-05-07,Residential Zoning Districts.pdf,5,"Minimum Lot Size 2,400 s.f.",,
R2-M,min_lot_size,2400.0,sqft,903.03.C.2,2025-05-07,Residential Zoning Districts.pdf,5,"Minimum Lot Size 2,400 s.f.",,
R3-M,min_lot_size,2400.0,sqft,903.03.C.2,2025-05-07,Residential Zoning Districts.pdf,5,"Minimum Lot Size 2,400 s.f.",,
RM-M,min_lot_size,2400.0,sqft,903.03.C.2,2025-05-07,Residential Zoning Districts.pdf,5,"Minimum Lot Size 2,400 s.f.",,
R1D-M,min_front_setback,30.0,ft,903.03.C.2,2025-05-07,Residential Zoning Districts.pdf,5,"R1D, R1A, R2 & R3 Subdistricts 30 ft.",,
R1A-M,min_front_setback,30.0,ft,903.03.C.2,2025-05-07,Residential Zoning Districts.pdf,5,"R1D, R1A, R2 & R3 Subdistricts 30 ft.",,
R2-M,min_front_setback,30.0,ft,903.03.C.2,2025-05-07,Residential Zoning Districts.pdf,5,"R1D, R1A, R2 & R3 Subdistricts 30 ft.",,
R3-M,min_front_setback,30.0,ft,903.03.C.2,2025-05-07,Residential Zoning Districts.pdf,5,"R1D, R1A, R2 & R3 Subdistricts 30 ft.",,
RM-M,min_front_setback,25.0,ft,903.03.C.2,2025-05-07,Residential Zoning Districts.pdf,5,RM Subdistrict 25 ft.,,
R1D-M,min_rear_setback,30.0,ft,903.03.C.2,2025-05-07,Residential Zoning Districts.pdf,5,"R1D, R1A, R2 & R3 Subdistricts 30 ft.",,
R1A-M,min_rear_setback,30.0,ft,903.03.C.2,2025-05-07,Residential Zoning Districts.pdf,5,"R1D, R1A, R2 & R3 Subdistricts 30 ft.",,
R2-M,min_rear_setback,30.0,ft,903.03.C.2,2025-05-07,Residential Zoning Districts.pdf,5,"R1D, R1A, R2 & R3 Subdistricts 30 ft.",,
R3-M,min_rear_setback,30.0,ft,903.03.C.2,2025-05-07,Residential Zoning Districts.pdf,5,"R1D, R1A, R2 & R3 Subdistricts 30 ft.",,
RM-M,min_rear_setback,25.0,ft,903.03.C.2,2025-05-07,Residential Zoning Districts.pdf,5,RM Subdistrict 25 ft.,,
R1D-M,min_exterior_side_setback,30.0,ft,903.03.C.2,2025-05-07,Residential Zoning Districts.pdf,5,"R1D, R1A, R2 & R3 Subdistricts 30 ft.",,
R1A-M,min_exterior_side_setback,30.0,ft,903.03.C.2,2025-05-07,Residential Zoning Districts.pdf,5,"R1D, R1A, R2 & R3 Subdistricts 30 ft.",,
R2-M,min_exterior_side_setback,30.0,ft,903.03.C.2,2025-05-07,Residential Zoning Districts.pdf,5,"R1D, R1A, R2 & R3 Subdistricts 30 ft.",,
R3-M,min_exterior_side_setback,30.0,ft,903.03.C.2,2025-05-07,Residential Zoning Districts.pdf,5,"R1D, R1A, R2 & R3 Subdistricts 30 ft.",,
RM-M,min_exterior_side_setback,25.0,ft,903.03.C.2,2025-05-07,Residential Zoning Districts.pdf,5,RM Subdistrict 25 ft.,,
R1D-M,min_interior_side_setback,5.0,ft,903.03.C.2,2025-05-07,Residential Zoning Districts.pdf,5,"R1D, R2 & R3 Subdistricts 5 ft.",,
R2-M,min_interior_side_setback,5.0,ft,903.03.C.2,2025-05-07,Residential Zoning Districts.pdf,5,"R1D, R2 & R3 Subdistricts 5 ft.",,
R3-M,min_interior_side_setback,5.0,ft,903.03.C.2,2025-05-07,Residential Zoning Districts.pdf,5,"R1D, R2 & R3 Subdistricts 5 ft.",,
R1A-M,min_interior_side_setback,5.0,ft,903.03.C.2,2025-05-07,Residential Zoning Districts.pdf,5,R1A Subdistrict 5 ft.,,
RM-M,min_interior_side_setback,10.0,ft,903.03.C.2,2025-05-07,Residential Zoning Districts.pdf,5,RM Subdistrict 10 ft.,,
R1D-M,max_height,40.0,ft,903.03.C.2,2025-05-07,Residential Zoning Districts.pdf,5,"R1D, R1A, R2 & R3 Subdistricts 40 ft. (not to exceed 3 stories)",,
R1D-M,max_stories,3.0,stories,903.03.C.2,2025-05-07,Residential Zoning Districts.pdf,5,"R1D, R1A, R2 & R3 Subdistricts 40 ft. (not to exceed 3 stories)",,
R1A-M,max_height,40.0,ft,903.03.C.2,2025-05-07,Residential Zoning Districts.pdf,5,"R1D, R1A, R2 & R3 Subdistricts 40 ft. (not to exceed 3 stories)",,
R1A-M,max_stories,3.0,stories,903.03.C.2,2025-05-07,Residential Zoning Districts.pdf,5,"R1D, R1A, R2 & R3 Subdistricts 40 ft. (not to exceed 3 stories)",,
R2-M,max_height,40.0,ft,903.03.C.2,2025-05-07,Residential Zoning Districts.pdf,5,"R1D, R1A, R2 & R3 Subdistricts 40 ft. (not to exceed 3 stories)",,
R2-M,max_stories,3.0,stories,903.03.C.2,2025-05-07,Residential Zoning Districts.pdf,5,"R1D, R1A, R2 & R3 Subdistricts 40 ft. (not to exceed 3 stories)",,
R3-M,max_height,40.0,ft,903.03.C.2,2025-05-07,Residential Zoning Districts.pdf,5,"R1D, R1A, R2 & R3 Subdistricts 40 ft. (not to exceed 3 stories)",,
R3-M,max_stories,3.0,stories,903.03.C.2,2025-05-07,Residential Zoning Districts.pdf,5,"R1D, R1A, R2 & R3 Subdistricts 40 ft. (not to exceed 3 stories)",,
RM-M,max_height,55.0,ft,903.03.C.2,2025-05-07,Residential Zoning Districts.pdf,5,RM Subdistrict 55 ft. (not to exceed 4 stories),,
RM-M,max_stories,4.0,stories,903.03.C.2,2025-05-07,Residential Zoning Districts.pdf,5,RM Subdistrict 55 ft. (not to exceed 4 stories),,
R1D-H,min_lot_size,1200.0,sqft,903.03.D.2,2025-05-07,Residential Zoning Districts.pdf,6,"Minimum Lot Size 1,200 s.f.",,
R1A-H,min_lot_size,1200.0,sqft,903.03.D.2,2025-05-07,Residential Zoning Districts.pdf,6,"Minimum Lot Size 1,200 s.f.",,
R2-H,min_lot_size,1200.0,sqft,903.03.D.2,2025-05-07,Residential Zoning Districts.pdf,6,"Minimum Lot Size 1,200 s.f.",,
R3-H,min_lot_size,1200.0,sqft,903.03.D.2,2025-05-07,Residential Zoning Districts.pdf,6,"Minimum Lot Size 1,200 s.f.",,
RM-H,min_lot_size,1200.0,sqft,903.03.D.2,2025-05-07,Residential Zoning Districts.pdf,6,"Minimum Lot Size 1,200 s.f.",,
R1D-H,min_front_setback,15.0,ft,903.03.D.2,2025-05-07,Residential Zoning Districts.pdf,6,"R1D, R1A, R2 & R3 Subdistricts 15 ft.",,
R1A-H,min_front_setback,15.0,ft,903.03.D.2,2025-05-07,Residential Zoning Districts.pdf,6,"R1D, R1A, R2 & R3 Subdistricts 15 ft.",,
R2-H,min_front_setback,15.0,ft,903.03.D.2,2025-05-07,Residential Zoning Districts.pdf,6,"R1D, R1A, R2 & R3 Subdistricts 15 ft.",,
R3-H,min_front_setback,15.0,ft,903.03.D.2,2025-05-07,Residential Zoning Districts.pdf,6,"R1D, R1A, R2 & R3 Subdistricts 15 ft.",,
RM-H,min_front_setback,25.0,ft,903.03.D.2,2025-05-07,Residential Zoning Districts.pdf,6,RM Subdistrict 25 ft.,,
R1D-H,min_rear_setback,15.0,ft,903.03.D.2,2025-05-07,Residential Zoning Districts.pdf,6,"R1D, R1A, R2 & R3 Subdistricts 15 ft.",,
R1A-H,min_rear_setback,15.0,ft,903.03.D.2,2025-05-07,Residential Zoning Districts.pdf,6,"R1D, R1A, R2 & R3 Subdistricts 15 ft.",,
R2-H,min_rear_setback,15.0,ft,903.03.D.2,2025-05-07,Residential Zoning Districts.pdf,6,"R1D, R1A, R2 & R3 Subdistricts 15 ft.",,
R3-H,min_rear_setback,15.0,ft,903.03.D.2,2025-05-07,Residential Zoning Districts.pdf,6,"R1D, R1A, R2 & R3 Subdistricts 15 ft.",,
RM-H,min_rear_setback,25.0,ft,903.03.D.2,2025-05-07,Residential Zoning Districts.pdf,6,RM Subdistrict 25 ft.,,
R1D-H,min_exterior_side_setback,15.0,ft,903.03.D.2,2025-05-07,Residential Zoning Districts.pdf,6,"R1D, R1A, R2 & R3 Subdistricts 15 ft.",,
R1A-H,min_exterior_side_setback,15.0,ft,903.03.D.2,2025-05-07,Residential Zoning Districts.pdf,6,"R1D, R1A, R2 & R3 Subdistricts 15 ft.",,
R2-H,min_exterior_side_setback,15.0,ft,903.03.D.2,2025-05-07,Residential Zoning Districts.pdf,6,"R1D, R1A, R2 & R3 Subdistricts 15 ft.",,
R3-H,min_exterior_side_setback,15.0,ft,903.03.D.2,2025-05-07,Residential Zoning Districts.pdf,6,"R1D, R1A, R2 & R3 Subdistricts 15 ft.",,
RM-H,min_exterior_side_setback,25.0,ft,903.03.D.2,2025-05-07,Residential Zoning Districts.pdf,6,RM Subdistrict 25 ft.,,
R1D-H,min_interior_side_setback,5.0,ft,903.03.D.2,2025-05-07,Residential Zoning Districts.pdf,6,"R1D, R2 & R3 Subdistricts 5 ft.",,
R2-H,min_interior_side_setback,5.0,ft,903.03.D.2,2025-05-07,Residential Zoning Districts.pdf,6,"R1D, R2 & R3 Subdistricts 5 ft.",,
R3-H,min_interior_side_setback,5.0,ft,903.03.D.2,2025-05-07,Residential Zoning Districts.pdf,6,"R1D, R2 & R3 Subdistricts 5 ft.",,
R1A-H,min_interior_side_setback,5.0,ft,903.03.D.2,2025-05-07,Residential Zoning Districts.pdf,6,R1A Subdistrict 5 ft.,,
RM-H,min_interior_side_setback,10.0,ft,903.03.D.2,2025-05-07,Residential Zoning Districts.pdf,6,RM Subdistrict 10 ft.,,
R1D-H,max_height,40.0,ft,903.03.D.2,2025-05-07,Residential Zoning Districts.pdf,7,"R1D, R1A, R2 & R3 Subdistricts 40 ft. (not to exceed 3 stories)",,
R1D-H,max_stories,3.0,stories,903.03.D.2,2025-05-07,Residential Zoning Districts.pdf,7,"R1D, R1A, R2 & R3 Subdistricts 40 ft. (not to exceed 3 stories)",,
R1A-H,max_height,40.0,ft,903.03.D.2,2025-05-07,Residential Zoning Districts.pdf,7,"R1D, R1A, R2 & R3 Subdistricts 40 ft. (not to exceed 3 stories)",,
R1A-H,max_stories,3.0,stories,903.03.D.2,2025-05-07,Residential Zoning Districts.pdf,7,"R1D, R1A, R2 & R3 Subdistricts 40 ft. (not to exceed 3 stories)",,
R2-H,max_height,40.0,ft,903.03.D.2,2025-05-07,Residential Zoning Districts.pdf,7,"R1D, R1A, R2 & R3 Subdistricts 40 ft. (not to exceed 3 stories)",,
R2-H,max_stories,3.0,stories,903.03.D.2,2025-05-07,Residential Zoning Districts.pdf,7,"R1D, R1A, R2 & R3 Subdistricts 40 ft. (not to exceed 3 stories)",,
R3-H,max_height,40.0,ft,903.03.D.2,2025-05-07,Residential Zoning Districts.pdf,7,"R1D, R1A, R2 & R3 Subdistricts 40 ft. (not to exceed 3 stories)",,
R3-H,max_stories,3.0,stories,903.03.D.2,2025-05-07,Residential Zoning Districts.pdf,7,"R1D, R1A, R2 & R3 Subdistricts 40 ft. (not to exceed 3 stories)",,
RM-H,max_height,85.0,ft,903.03.D.2,2025-05-07,Residential Zoning Districts.pdf,7,RM Subdistrict 85 ft. (not to exceed 9 stories),,
RM-H,max_stories,9.0,stories,903.03.D.2,2025-05-07,Residential Zoning Districts.pdf,7,RM Subdistrict 85 ft. (not to exceed 9 stories),,
R1D-VH,min_front_setback,5.0,ft,903.03.E.2,2025-05-07,Residential Zoning Districts.pdf,7,"R1D, R1A, R2 & R3 Subdistricts 5 ft.",,
R1A-VH,min_front_setback,5.0,ft,903.03.E.2,2025-05-07,Residential Zoning Districts.pdf,7,"R1D, R1A, R2 & R3 Subdistricts 5 ft.",,
R2-VH,min_front_setback,5.0,ft,903.03.E.2,2025-05-07,Residential Zoning Districts.pdf,7,"R1D, R1A, R2 & R3 Subdistricts 5 ft.",,
R3-VH,min_front_setback,5.0,ft,903.03.E.2,2025-05-07,Residential Zoning Districts.pdf,7,"R1D, R1A, R2 & R3 Subdistricts 5 ft.",,
RM-VH,min_front_setback,25.0,ft,903.03.E.2,2025-05-07,Residential Zoning Districts.pdf,7,RM Subdistrict 25 ft.,,
R1D-VH,min_rear_setback,15.0,ft,903.03.E.2,2025-05-07,Residential Zoning Districts.pdf,7,"R1D, R1A, R2 & R3 Subdistricts 15 ft.",,
R1A-VH,min_rear_setback,15.0,ft,903.03.E.2,2025-05-07,Residential Zoning Districts.pdf,7,"R1D, R1A, R2 & R3 Subdistricts 15 ft.",,
R2-VH,min_rear_setback,15.0,ft,903.03.E.2,2025-05-07,Residential Zoning Districts.pdf,7,"R1D, R1A, R2 & R3 Subdistricts 15 ft.",,
R3-VH,min_rear_setback,15.0,ft,903.03.E.2,2025-05-07,Residential Zoning Districts.pdf,7,"R1D, R1A, R2 & R3 Subdistricts 15 ft.",,
RM-VH,min_rear_setback,25.0,ft,903.03.E.2,2025-05-07,Residential Zoning Districts.pdf,7,RM Subdistrict 25 ft.,,
R1D-VH,min_exterior_side_setback,5.0,ft,903.03.E.2,2025-05-07,Residential Zoning Districts.pdf,7,"R1D, R1A, R2 & R3 Subdistricts 5 ft.",,
R1A-VH,min_exterior_side_setback,5.0,ft,903.03.E.2,2025-05-07,Residential Zoning Districts.pdf,7,"R1D, R1A, R2 & R3 Subdistricts 5 ft.",,
R2-VH,min_exterior_side_setback,5.0,ft,903.03.E.2,2025-05-07,Residential Zoning Districts.pdf,7,"R1D, R1A, R2 & R3 Subdistricts 5 ft.",,
R3-VH,min_exterior_side_setback,5.0,ft,903.03.E.2,2025-05-07,Residential Zoning Districts.pdf,7,"R1D, R1A, R2 & R3 Subdistricts 5 ft.",,
RM-VH,min_exterior_side_setback,25.0,ft,903.03.E.2,2025-05-07,Residential Zoning Districts.pdf,7,RM Subdistrict 25 ft.,,
R1D-VH,min_interior_side_setback,5.0,ft,903.03.E.2,2025-05-07,Residential Zoning Districts.pdf,8,"R1D, R2 & R3 Subdistricts 5 ft.",,
R2-VH,min_interior_side_setback,5.0,ft,903.03.E.2,2025-05-07,Residential Zoning Districts.pdf,8,"R1D, R2 & R3 Subdistricts 5 ft.",,
R3-VH,min_interior_side_setback,5.0,ft,903.03.E.2,2025-05-07,Residential Zoning Districts.pdf,8,"R1D, R2 & R3 Subdistricts 5 ft.",,
R1A-VH,min_interior_side_setback,5.0,ft,903.03.E.2,2025-05-07,Residential Zoning Districts.pdf,8,R1A Subdistrict 5 ft.,,
RM-VH,min_interior_side_setback,10.0,ft,903.03.E.2,2025-05-07,Residential Zoning Districts.pdf,8,RM Subdistrict 10 ft.,,
R1D-VH,max_height,40.0,ft,903.03.E.2,2025-05-07,Residential Zoning Districts.pdf,8,"R1D, R1A, R2 & R3 Subdistricts 40 ft. (not to exceed 3 stories)",,
R1D-VH,max_stories,3.0,stories,903.03.E.2,2025-05-07,Residential Zoning Districts.pdf,8,"R1D, R1A, R2 & R3 Subdistricts 40 ft. (not to exceed 3 stories)",,
R1A-VH,max_height,40.0,ft,903.03.E.2,2025-05-07,Residential Zoning Districts.pdf,8,"R1D, R1A, R2 & R3 Subdistricts 40 ft. (not to exceed 3 stories)",,
R1A-VH,max_stories,3.0,stories,903.03.E.2,2025-05-07,Residential Zoning Districts.pdf,8,"R1D, R1A, R2 & R3 Subdistricts 40 ft. (not to exceed 3 stories)",,
R2-VH,max_height,40.0,ft,903.03.E.2,2025-05-07,Residential Zoning Districts.pdf,8,"R1D, R1A, R2 & R3 Subdistricts 40 ft. (not to exceed 3 stories)",,
R2-VH,max_stories,3.0,stories,903.03.E.2,2025-05-07,Residential Zoning Districts.pdf,8,"R1D, R1A, R2 & R3 Subdistricts 40 ft. (not to exceed 3 stories)",,
R3-VH,max_height,40.0,ft,903.03.E.2,2025-05-07,Residential Zoning Districts.pdf,8,"R1D, R1A, R2 & R3 Subdistricts 40 ft. (not to exceed 3 stories)",,
R3-VH,max_stories,3.0,stories,903.03.E.2,2025-05-07,Residential Zoning Districts.pdf,8,"R1D, R1A, R2 & R3 Subdistricts 40 ft. (not to exceed 3 stories)",,
RM-VH,max_height,180.0,ft,903.03.E.2,2025-05-07,Residential Zoning Districts.pdf,8,RM Subdistrict 180 ft.,,
H,min_lot_size,3200.0,sqft,905.02.C,2005-12-30,Special Purpose Districts.pdf,3,"Minimum Lot Size 3,200 s.f.",,
H,min_front_setback,0.0,ft,905.02.C,2005-12-30,Special Purpose Districts.pdf,3,Minimum Front Setback none,,
H,min_rear_setback,0.0,ft,905.02.C,2005-12-30,Special Purpose Districts.pdf,3,Minimum Rear Setback none,,
H,min_exterior_side_setback,0.0,ft,905.02.C,2005-12-30,Special Purpose Districts.pdf,3,Minimum Exterior Sideyard Setback none,,
H,min_interior_side_setback,0.0,ft,905.02.C,2005-12-30,Special Purpose Districts.pdf,3,Minimum Interior Sideyard Setback none,,
H,max_height,40.0,ft,905.02.C,2005-12-30,Special Purpose Districts.pdf,3,Maximum Height 40 ft. (not to exceed 3 stories),,
H,max_stories,3.0,stories,905.02.C,2005-12-30,Special Purpose Districts.pdf,3,Maximum Height 40 ft. (not to exceed 3 stories),,
H,max_disturbance_share,0.5,share,905.02.C,2005-12-30,Special Purpose Districts.pdf,3,Maximum Area of Disturbance: 50% of total lot area,,
R1D-VH,min_lot_size,,sqft,903.03.E.2,2025-05-07,Residential Zoning Districts.pdf,,,Not listed in the VH table; confirm none applies,
R1A-VH,min_lot_size,,sqft,903.03.E.2,2025-05-07,Residential Zoning Districts.pdf,,,Not listed in the VH table; confirm none applies,
R2-VH,min_lot_size,,sqft,903.03.E.2,2025-05-07,Residential Zoning Districts.pdf,,,Not listed in the VH table; confirm none applies,
R3-VH,min_lot_size,,sqft,903.03.E.2,2025-05-07,Residential Zoning Districts.pdf,,,Not listed in the VH table; confirm none applies,
RM-VH,min_lot_size,,sqft,903.03.E.2,2025-05-07,Residential Zoning Districts.pdf,,,Not listed in the VH table; confirm none applies,
*,permitted_residential_uses,,,911.02,,,,,RESOLVED in use_permissions_draft.csv (read from the use table page image),
*,parking_per_unit,,,914.02 / 914.04 / 914.11.B.4,,,,,RESOLVED in standards_draft.csv,
*,environmental_performance,,,915.02,,,,,RESOLVED in standards_draft.csv,
*,lot_area_per_unit,,,925.03,,,,,"NOT A STANDARD: the code defines density but sets no per-district limit; units follow the use subdistrict (R2=2, R3=3) and, for RM, setbacks + height + stories",
*,max_lot_coverage,,,925,,,,,NOT A STANDARD in residential districts (none found),
*,min_frontage,,,925.02,,,,,NOT A STANDARD: lot width is defined but no residential minimum is set,
*,overlay_undermined_floodplain,,,906,,,,,"RESOLVED in standards_draft.csv (906.02 FP-O floodplain, 906.05 UM-O undermined)",
*,contextual_setbacks_heights,,,925.06 / 925.07,,,,,"GAP: downloaded, not yet extracted (can lower required setbacks/heights to neighbors)",
*,residential_compatibility,,,916.02,,,,,"GAP: downloaded, not yet extracted (H/VH near residential only)",
