use,district_column,permission,meaning,use_standard,code_section,effective_date,source_file,source_page,extraction,reviewed_by
single_unit_detached,R1D,P,permitted by right,911.04.A.69,911.02,2026-06-11,Use Regulations - Development Standards - Measurements and Definitions.pdf,3,read from page image; letter count per row cross-checked with text layer,
single_unit_detached,R1A,P,permitted by right,911.04.A.69,911.02,2026-06-11,Use Regulations - Development Standards - Measurements and Definitions.pdf,3,read from page image; letter count per row cross-checked with text layer,
single_unit_detached,R2,P,permitted by right,911.04.A.69,911.02,2026-06-11,Use Regulations - Development Standards - Measurements and Definitions.pdf,3,read from page image; letter count per row cross-checked with text layer,
single_unit_detached,R3,P,permitted by right,911.04.A.69,911.02,2026-06-11,Use Regulations - Development Standards - Measurements and Definitions.pdf,3,read from page image; letter count per row cross-checked with text layer,
single_unit_detached,RM,P,permitted by right,911.04.A.69,911.02,2026-06-11,Use Regulations - Development Standards - Measurements and Definitions.pdf,3,read from page image; letter count per row cross-checked with text layer,
single_unit_detached,NDO,P,permitted by right,911.04.A.69,911.02,2026-06-11,Use Regulations - Development Standards - Measurements and Definitions.pdf,3,read from page image; letter count per row cross-checked with text layer,
single_unit_detached,LNC,P,permitted by right,911.04.A.69,911.02,2026-06-11,Use Regulations - Development Standards - Measurements and Definitions.pdf,3,read from page image; letter count per row cross-checked with text layer,
single_unit_detached,NDI,P,permitted by right,911.04.A.69,911.02,2026-06-11,Use Regulations - Development Standards - Measurements and Definitions.pdf,3,read from page image; letter count per row cross-checked with text layer,
single_unit_detached,UNC,P,permitted by right,911.04.A.69,911.02,2026-06-11,Use Regulations - Development Standards - Measurements and Definitions.pdf,3,read from page image; letter count per row cross-checked with text layer,
single_unit_detached,HC,,not listed (use variance),911.04.A.69,911.02,2026-06-11,Use Regulations - Development Standards - Measurements and Definitions.pdf,3,read from page image; letter count per row cross-checked with text layer,
single_unit_detached,GI,,not listed (use variance),911.04.A.69,911.02,2026-06-11,Use Regulations - Development Standards - Measurements and Definitions.pdf,3,read from page image; letter count per row cross-checked with text layer,
single_unit_detached,UI,,not listed (use variance),911.04.A.69,911.02,2026-06-11,Use Regulations - Development Standards - Measurements and Definitions.pdf,3,read from page image; letter count per row cross-checked with text layer,
single_unit_detached,UC-MU,,not listed (use variance),911.04.A.69,911.02,2026-06-11,Use Regulations - Development Standards - Measurements and Definitions.pdf,3,read from page image; letter count per row cross-checked with text layer,
single_unit_detached,UC-E,,not listed (use variance),911.04.A.69,911.02,2026-06-11,Use Regulations - Development Standards - Measurements and Definitions.pdf,3,read from page image; letter count per row cross-checked with text layer,
single_unit_detached,R-MU,P,permitted by right,911.04.A.69,911.02,2026-06-11,Use Regulations - Development Standards - Measurements and Definitions.pdf,3,read from page image; letter count per row cross-checked with text layer,
single_unit_detached,P,P,permitted by right,911.04.A.69,911.02,2026-06-11,Use Regulations - Development Standards - Measurements and Definitions.pdf,3,read from page image; letter count per row cross-checked with text layer,
single_unit_detached,H,A,administrator exception,911.04.A.69,911.02,2026-06-11,Use Regulations - Development Standards - Measurements and Definitions.pdf,3,read from page image; letter count per row cross-checked with text layer,
single_unit_detached,EMI,P,permitted by right,911.04.A.69,911.02,2026-06-11,Use Regulations - Development Standards - Measurements and Definitions.pdf,3,read from page image; letter count per row cross-checked with text layer,
single_unit_detached,GT,,not listed (use variance),911.04.A.69,911.02,2026-06-11,Use Regulations - Development Standards - Measurements and Definitions.pdf,3,read from page image; letter count per row cross-checked with text layer,
single_unit_detached,RIV-RM,,not listed (use variance),911.04.A.69,911.02,2026-06-11,Use Regulations - Development Standards - Measurements and Definitions.pdf,3,read from page image; letter count per row cross-checked with text layer,
single_unit_detached,RIV-MU,,not listed (use variance),911.04.A.69,911.02,2026-06-11,Use Regulations - Development Standards - Measurements and Definitions.pdf,3,read from page image; letter count per row cross-checked with text layer,
single_unit_detached,RIV-NS,,not listed (use variance),911.04.A.69,911.02,2026-06-11,Use Regulations - Development Standards - Measurements and Definitions.pdf,3,read from page image; letter count per row cross-checked with text layer,
single_unit_detached,RIV-GI,,not listed (use variance),911.04.A.69,911.02,2026-06-11,Use Regulations - Development Standards - Measurements and Definitions.pdf,3,read from page image; letter count per row cross-checked with text layer,
single_unit_detached,RIV-IMU,,not listed (use variance),911.04.A.69,911.02,2026-06-11,Use Regulations - Development Standards - Measurements and Definitions.pdf,3,read from page image; letter count per row cross-checked with text layer,
single_unit_attached,R1D,P/S,permitted or special exception (see 911.04.A.69A),911.04.A.69; 911.04.A.69A,911.02,2026-06-11,Use Regulations - Development Standards - Measurements and Definitions.pdf,3,read from page image; letter count per row cross-checked with text layer,
single_unit_attached,R1A,P,permitted by right,911.04.A.69; 911.04.A.69A,911.02,2026-06-11,Use Regulations - Development Standards - Measurements and Definitions.pdf,3,read from page image; letter count per row cross-checked with text layer,
single_unit_attached,R2,P,permitted by right,911.04.A.69; 911.04.A.69A,911.02,2026-06-11,Use Regulations - Development Standards - Measurements and Definitions.pdf,3,read from page image; letter count per row cross-checked with text layer,
single_unit_attached,R3,P,permitted by right,911.04.A.69; 911.04.A.69A,911.02,2026-06-11,Use Regulations - Development Standards - Measurements and Definitions.pdf,3,read from page image; letter count per row cross-checked with text layer,
single_unit_attached,RM,P,permitted by right,911.04.A.69; 911.04.A.69A,911.02,2026-06-11,Use Regulations - Development Standards - Measurements and Definitions.pdf,3,read from page image; letter count per row cross-checked with text layer,
single_unit_attached,NDO,P,permitted by right,911.04.A.69; 911.04.A.69A,911.02,2026-06-11,Use Regulations - Development Standards - Measurements and Definitions.pdf,3,read from page image; letter count per row cross-checked with text layer,
single_unit_attached,LNC,P,permitted by right,911.04.A.69; 911.04.A.69A,911.02,2026-06-11,Use Regulations - Development Standards - Measurements and Definitions.pdf,3,read from page image; letter count per row cross-checked with text layer,
single_unit_attached,NDI,P,permitted by right,911.04.A.69; 911.04.A.69A,911.02,2026-06-11,Use Regulations - Development Standards - Measurements and Definitions.pdf,3,read from page image; letter count per row cross-checked with text layer,
single_unit_attached,UNC,P,permitted by right,911.04.A.69; 911.04.A.69A,911.02,2026-06-11,Use Regulations - Development Standards - Measurements and Definitions.pdf,3,read from page image; letter count per row cross-checked with text layer,
single_unit_attached,HC,,not listed (use variance),911.04.A.69; 911.04.A.69A,911.02,2026-06-11,Use Regulations - Development Standards - Measurements and Definitions.pdf,3,read from page image; letter count per row cross-checked with text layer,
single_unit_attached,GI,,not listed (use variance),911.04.A.69; 911.04.A.69A,911.02,2026-06-11,Use Regulations - Development Standards - Measurements and Definitions.pdf,3,read from page image; letter count per row cross-checked with text layer,
single_unit_attached,UI,,not listed (use variance),911.04.A.69; 911.04.A.69A,911.02,2026-06-11,Use Regulations - Development Standards - Measurements and Definitions.pdf,3,read from page image; letter count per row cross-checked with text layer,
single_unit_attached,UC-MU,P,permitted by right,911.04.A.69; 911.04.A.69A,911.02,2026-06-11,Use Regulations - Development Standards - Measurements and Definitions.pdf,3,read from page image; letter count per row cross-checked with text layer,
single_unit_attached,UC-E,,not listed (use variance),911.04.A.69; 911.04.A.69A,911.02,2026-06-11,Use Regulations - Development Standards - Measurements and Definitions.pdf,3,read from page image; letter count per row cross-checked with text layer,
single_unit_attached,R-MU,P,permitted by right,911.04.A.69; 911.04.A.69A,911.02,2026-06-11,Use Regulations - Development Standards - Measurements and Definitions.pdf,3,read from page image; letter count per row cross-checked with text layer,
single_unit_attached,P,,not listed (use variance),911.04.A.69; 911.04.A.69A,911.02,2026-06-11,Use Regulations - Development Standards - Measurements and Definitions.pdf,3,read from page image; letter count per row cross-checked with text layer,
single_unit_attached,H,S,special exception,911.04.A.69; 911.04.A.69A,911.02,2026-06-11,Use Regulations - Development Standards - Measurements and Definitions.pdf,3,read from page image; letter count per row cross-checked with text layer,
single_unit_attached,EMI,,not listed (use variance),911.04.A.69; 911.04.A.69A,911.02,2026-06-11,Use Regulations - Development Standards - Measurements and Definitions.pdf,3,read from page image; letter count per row cross-checked with text layer,
single_unit_attached,GT,,not listed (use variance),911.04.A.69; 911.04.A.69A,911.02,2026-06-11,Use Regulations - Development Standards - Measurements and Definitions.pdf,3,read from page image; letter count per row cross-checked with text layer,
single_unit_attached,RIV-RM,P,permitted by right,911.04.A.69; 911.04.A.69A,911.02,2026-06-11,Use Regulations - Development Standards - Measurements and Definitions.pdf,3,read from page image; letter count per row cross-checked with text layer,
single_unit_attached,RIV-MU,P,permitted by right,911.04.A.69; 911.04.A.69A,911.02,2026-06-11,Use Regulations - Development Standards - Measurements and Definitions.pdf,3,read from page image; letter count per row cross-checked with text layer,
single_unit_attached,RIV-NS,,not listed (use variance),911.04.A.69; 911.04.A.69A,911.02,2026-06-11,Use Regulations - Development Standards - Measurements and Definitions.pdf,3,read from page image; letter count per row cross-checked with text layer,
single_unit_attached,RIV-GI,,not listed (use variance),911.04.A.69; 911.04.A.69A,911.02,2026-06-11,Use Regulations - Development Standards - Measurements and Definitions.pdf,3,read from page image; letter count per row cross-checked with text layer,
single_unit_attached,RIV-IMU,,not listed (use variance),911.04.A.69; 911.04.A.69A,911.02,2026-06-11,Use Regulations - Development Standards - Measurements and Definitions.pdf,3,read from page image; letter count per row cross-checked with text layer,
two_unit,R1D,,not listed (use variance),,911.02,2026-06-11,Use Regulations - Development Standards - Measurements and Definitions.pdf,3,read from page image; letter count per row cross-checked with text layer,
two_unit,R1A,,not listed (use variance),,911.02,2026-06-11,Use Regulations - Development Standards - Measurements and Definitions.pdf,3,read from page image; letter count per row cross-checked with text layer,
two_unit,R2,P,permitted by right,,911.02,2026-06-11,Use Regulations - Development Standards - Measurements and Definitions.pdf,3,read from page image; letter count per row cross-checked with text layer,
two_unit,R3,P,permitted by right,,911.02,2026-06-11,Use Regulations - Development Standards - Measurements and Definitions.pdf,3,read from page image; letter count per row cross-checked with text layer,
two_unit,RM,P,permitted by right,,911.02,2026-06-11,Use Regulations - Development Standards - Measurements and Definitions.pdf,3,read from page image; letter count per row cross-checked with text layer,
two_unit,NDO,P,permitted by right,,911.02,2026-06-11,Use Regulations - Development Standards - Measurements and Definitions.pdf,3,read from page image; letter count per row cross-checked with text layer,
two_unit,LNC,P,permitted by right,,911.02,2026-06-11,Use Regulations - Development Standards - Measurements and Definitions.pdf,3,read from page image; letter count per row cross-checked with text layer,
two_unit,NDI,P,permitted by right,,911.02,2026-06-11,Use Regulations - Development Standards - Measurements and Definitions.pdf,3,read from page image; letter count per row cross-checked with text layer,
two_unit,UNC,P,permitted by right,,911.02,2026-06-11,Use Regulations - Development Standards - Measurements and Definitions.pdf,3,read from page image; letter count per row cross-checked with text layer,
two_unit,HC,,not listed (use variance),,911.02,2026-06-11,Use Regulations - Development Standards - Measurements and Definitions.pdf,3,read from page image; letter count per row cross-checked with text layer,
two_unit,GI,,not listed (use variance),,911.02,2026-06-11,Use Regulations - Development Standards - Measurements and Definitions.pdf,3,read from page image; letter count per row cross-checked with text layer,
two_unit,UI,,not listed (use variance),,911.02,2026-06-11,Use Regulations - Development Standards - Measurements and Definitions.pdf,3,read from page image; letter count per row cross-checked with text layer,
two_unit,UC-MU,P,permitted by right,,911.02,2026-06-11,Use Regulations - Development Standards - Measurements and Definitions.pdf,3,read from page image; letter count per row cross-checked with text layer,
two_unit,UC-E,,not listed (use variance),,911.02,2026-06-11,Use Regulations - Development Standards - Measurements and Definitions.pdf,3,read from page image; letter count per row cross-checked with text layer,
two_unit,R-MU,P,permitted by right,,911.02,2026-06-11,Use Regulations - Development Standards - Measurements and Definitions.pdf,3,read from page image; letter count per row cross-checked with text layer,
two_unit,P,,not listed (use variance),,911.02,2026-06-11,Use Regulations - Development Standards - Measurements and Definitions.pdf,3,read from page image; letter count per row cross-checked with text layer,
two_unit,H,,not listed (use variance),,911.02,2026-06-11,Use Regulations - Development Standards - Measurements and Definitions.pdf,3,read from page image; letter count per row cross-checked with text layer,
two_unit,EMI,,not listed (use variance),,911.02,2026-06-11,Use Regulations - Development Standards - Measurements and Definitions.pdf,3,read from page image; letter count per row cross-checked with text layer,
two_unit,GT,P,permitted by right,,911.02,2026-06-11,Use Regulations - Development Standards - Measurements and Definitions.pdf,3,read from page image; letter count per row cross-checked with text layer,
two_unit,RIV-RM,P,permitted by right,,911.02,2026-06-11,Use Regulations - Development Standards - Measurements and Definitions.pdf,3,read from page image; letter count per row cross-checked with text layer,
two_unit,RIV-MU,P,permitted by right,,911.02,2026-06-11,Use Regulations - Development Standards - Measurements and Definitions.pdf,3,read from page image; letter count per row cross-checked with text layer,
two_unit,RIV-NS,,not listed (use variance),,911.02,2026-06-11,Use Regulations - Development Standards - Measurements and Definitions.pdf,3,read from page image; letter count per row cross-checked with text layer,
two_unit,RIV-GI,,not listed (use variance),,911.02,2026-06-11,Use Regulations - Development Standards - Measurements and Definitions.pdf,3,read from page image; letter count per row cross-checked with text layer,
two_unit,RIV-IMU,P,permitted by right,,911.02,2026-06-11,Use Regulations - Development Standards - Measurements and Definitions.pdf,3,read from page image; letter count per row cross-checked with text layer,
three_unit,R1D,,not listed (use variance),,911.02,2026-06-11,Use Regulations - Development Standards - Measurements and Definitions.pdf,3,read from page image; letter count per row cross-checked with text layer,
three_unit,R1A,,not listed (use variance),,911.02,2026-06-11,Use Regulations - Development Standards - Measurements and Definitions.pdf,3,read from page image; letter count per row cross-checked with text layer,
three_unit,R2,,not listed (use variance),,911.02,2026-06-11,Use Regulations - Development Standards - Measurements and Definitions.pdf,3,read from page image; letter count per row cross-checked with text layer,
three_unit,R3,P,permitted by right,,911.02,2026-06-11,Use Regulations - Development Standards - Measurements and Definitions.pdf,3,read from page image; letter count per row cross-checked with text layer,
three_unit,RM,P,permitted by right,,911.02,2026-06-11,Use Regulations - Development Standards - Measurements and Definitions.pdf,3,read from page image; letter count per row cross-checked with text layer,
three_unit,NDO,P,permitted by right,,911.02,2026-06-11,Use Regulations - Development Standards - Measurements and Definitions.pdf,3,read from page image; letter count per row cross-checked with text layer,
three_unit,LNC,P,permitted by right,,911.02,2026-06-11,Use Regulations - Development Standards - Measurements and Definitions.pdf,3,read from page image; letter count per row cross-checked with text layer,
three_unit,NDI,P,permitted by right,,911.02,2026-06-11,Use Regulations - Development Standards - Measurements and Definitions.pdf,3,read from page image; letter count per row cross-checked with text layer,
three_unit,UNC,P,permitted by right,,911.02,2026-06-11,Use Regulations - Development Standards - Measurements and Definitions.pdf,3,read from page image; letter count per row cross-checked with text layer,
three_unit,HC,,not listed (use variance),,911.02,2026-06-11,Use Regulations - Development Standards - Measurements and Definitions.pdf,3,read from page image; letter count per row cross-checked with text layer,
three_unit,GI,,not listed (use variance),,911.02,2026-06-11,Use Regulations - Development Standards - Measurements and Definitions.pdf,3,read from page image; letter count per row cross-checked with text layer,
three_unit,UI,,not listed (use variance),,911.02,2026-06-11,Use Regulations - Development Standards - Measurements and Definitions.pdf,3,read from page image; letter count per row cross-checked with text layer,
three_unit,UC-MU,P,permitted by right,,911.02,2026-06-11,Use Regulations - Development Standards - Measurements and Definitions.pdf,3,read from page image; letter count per row cross-checked with text layer,
three_unit,UC-E,,not listed (use variance),,911.02,2026-06-11,Use Regulations - Development Standards - Measurements and Definitions.pdf,3,read from page image; letter count per row cross-checked with text layer,
three_unit,R-MU,P,permitted by right,,911.02,2026-06-11,Use Regulations - Development Standards - Measurements and Definitions.pdf,3,read from page image; letter count per row cross-checked with text layer,
three_unit,P,,not listed (use variance),,911.02,2026-06-11,Use Regulations - Development Standards - Measurements and Definitions.pdf,3,read from page image; letter count per row cross-checked with text layer,
three_unit,H,,not listed (use variance),,911.02,2026-06-11,Use Regulations - Development Standards - Measurements and Definitions.pdf,3,read from page image; letter count per row cross-checked with text layer,
three_unit,EMI,,not listed (use variance),,911.02,2026-06-11,Use Regulations - Development Standards - Measurements and Definitions.pdf,3,read from page image; letter count per row cross-checked with text layer,
three_unit,GT,P,permitted by right,,911.02,2026-06-11,Use Regulations - Development Standards - Measurements and Definitions.pdf,3,read from page image; letter count per row cross-checked with text layer,
three_unit,RIV-RM,P,permitted by right,,911.02,2026-06-11,Use Regulations - Development Standards - Measurements and Definitions.pdf,3,read from page image; letter count per row cross-checked with text layer,
three_unit,RIV-MU,P,permitted by right,,911.02,2026-06-11,Use Regulations - Development Standards - Measurements and Definitions.pdf,3,read from page image; letter count per row cross-checked with text layer,
three_unit,RIV-NS,,not listed (use variance),,911.02,2026-06-11,Use Regulations - Development Standards - Measurements and Definitions.pdf,3,read from page image; letter count per row cross-checked with text layer,
three_unit,RIV-GI,,not listed (use variance),,911.02,2026-06-11,Use Regulations - Development Standards - Measurements and Definitions.pdf,3,read from page image; letter count per row cross-checked with text layer,
three_unit,RIV-IMU,P,permitted by right,,911.02,2026-06-11,Use Regulations - Development Standards - Measurements and Definitions.pdf,3,read from page image; letter count per row cross-checked with text layer,
multi_unit,R1D,,not listed (use variance),911.04.A.85,911.02,2026-06-11,Use Regulations - Development Standards - Measurements and Definitions.pdf,3,read from page image; letter count per row cross-checked with text layer,
multi_unit,R1A,,not listed (use variance),911.04.A.85,911.02,2026-06-11,Use Regulations - Development Standards - Measurements and Definitions.pdf,3,read from page image; letter count per row cross-checked with text layer,
multi_unit,R2,,not listed (use variance),911.04.A.85,911.02,2026-06-11,Use Regulations - Development Standards - Measurements and Definitions.pdf,3,read from page image; letter count per row cross-checked with text layer,
multi_unit,R3,,not listed (use variance),911.04.A.85,911.02,2026-06-11,Use Regulations - Development Standards - Measurements and Definitions.pdf,3,read from page image; letter count per row cross-checked with text layer,
multi_unit,RM,P,permitted by right,911.04.A.85,911.02,2026-06-11,Use Regulations - Development Standards - Measurements and Definitions.pdf,3,read from page image; letter count per row cross-checked with text layer,
multi_unit,NDO,P,permitted by right,911.04.A.85,911.02,2026-06-11,Use Regulations - Development Standards - Measurements and Definitions.pdf,3,read from page image; letter count per row cross-checked with text layer,
multi_unit,LNC,P,permitted by right,911.04.A.85,911.02,2026-06-11,Use Regulations - Development Standards - Measurements and Definitions.pdf,3,read from page image; letter count per row cross-checked with text layer,
multi_unit,NDI,P,permitted by right,911.04.A.85,911.02,2026-06-11,Use Regulations - Development Standards - Measurements and Definitions.pdf,3,read from page image; letter count per row cross-checked with text layer,
multi_unit,UNC,P,permitted by right,911.04.A.85,911.02,2026-06-11,Use Regulations - Development Standards - Measurements and Definitions.pdf,3,read from page image; letter count per row cross-checked with text layer,
multi_unit,HC,,not listed (use variance),911.04.A.85,911.02,2026-06-11,Use Regulations - Development Standards - Measurements and Definitions.pdf,3,read from page image; letter count per row cross-checked with text layer,
multi_unit,GI,,not listed (use variance),911.04.A.85,911.02,2026-06-11,Use Regulations - Development Standards - Measurements and Definitions.pdf,3,read from page image; letter count per row cross-checked with text layer,
multi_unit,UI,S,special exception,911.04.A.85,911.02,2026-06-11,Use Regulations - Development Standards - Measurements and Definitions.pdf,3,read from page image; letter count per row cross-checked with text layer,
multi_unit,UC-MU,P,permitted by right,911.04.A.85,911.02,2026-06-11,Use Regulations - Development Standards - Measurements and Definitions.pdf,3,read from page image; letter count per row cross-checked with text layer,
multi_unit,UC-E,A,administrator exception,911.04.A.85,911.02,2026-06-11,Use Regulations - Development Standards - Measurements and Definitions.pdf,3,read from page image; letter count per row cross-checked with text layer,
multi_unit,R-MU,P,permitted by right,911.04.A.85,911.02,2026-06-11,Use Regulations - Development Standards - Measurements and Definitions.pdf,3,read from page image; letter count per row cross-checked with text layer,
multi_unit,P,,not listed (use variance),911.04.A.85,911.02,2026-06-11,Use Regulations - Development Standards - Measurements and Definitions.pdf,3,read from page image; letter count per row cross-checked with text layer,
multi_unit,H,,not listed (use variance),911.04.A.85,911.02,2026-06-11,Use Regulations - Development Standards - Measurements and Definitions.pdf,3,read from page image; letter count per row cross-checked with text layer,
multi_unit,EMI,A,administrator exception,911.04.A.85,911.02,2026-06-11,Use Regulations - Development Standards - Measurements and Definitions.pdf,3,read from page image; letter count per row cross-checked with text layer,
multi_unit,GT,P,permitted by right,911.04.A.85,911.02,2026-06-11,Use Regulations - Development Standards - Measurements and Definitions.pdf,3,read from page image; letter count per row cross-checked with text layer,
multi_unit,RIV-RM,P,permitted by right,911.04.A.85,911.02,2026-06-11,Use Regulations - Development Standards - Measurements and Definitions.pdf,3,read from page image; letter count per row cross-checked with text layer,
multi_unit,RIV-MU,P,permitted by right,911.04.A.85,911.02,2026-06-11,Use Regulations - Development Standards - Measurements and Definitions.pdf,3,read from page image; letter count per row cross-checked with text layer,
multi_unit,RIV-NS,P,permitted by right,911.04.A.85,911.02,2026-06-11,Use Regulations - Development Standards - Measurements and Definitions.pdf,3,read from page image; letter count per row cross-checked with text layer,
multi_unit,RIV-GI,,not listed (use variance),911.04.A.85,911.02,2026-06-11,Use Regulations - Development Standards - Measurements and Definitions.pdf,3,read from page image; letter count per row cross-checked with text layer,
multi_unit,RIV-IMU,P,permitted by right,911.04.A.85,911.02,2026-06-11,Use Regulations - Development Standards - Measurements and Definitions.pdf,3,read from page image; letter count per row cross-checked with text layer,
