section,title,effective_date,source_file,source_page,url,summary,quote,confidence,reviewed_by
903.03,Development Subdistricts,2025-05-07,Residential Zoning Districts.pdf,2,https://ecode360.com/PI6865,"Sets residential lot size, setbacks and height by density level (VL, L, M, H, VH); contextual setbacks and heights may be used, and Chapter 915 environmental rules add limits.",Development Subdistricts establish regulations governing site development within residential zoning districts. ... New development shall be allowed to use Contextual Setbacks and Contextual Building Heights in accordance with the provisions of Section 925.06 and Section 925.07,high,
903.03.A.2,Site Development Standards,,Residential Zoning Districts.pdf,2,https://ecode360.com/PI6865,"Very Low-Density (VL): minimum lot 6,000 sf; 30 ft front, rear and street-side setbacks; interior sides 5 and 10 ft (R1A 5, RM 30); max 40 ft/3 stories.","Minimum Lot Size 6,000 s.f. Minimum Front Setback R1D, R1A, R2 & R3 Subdistricts 30 ft. ... R1D, R2 & R3 Subdistricts 5 ft, on one side; 10 ft. on the other side ... 40 ft. (not to exceed 3 stories)",high,
903.03.B.2,Site Development Standards,,Residential Zoning Districts.pdf,3,https://ecode360.com/PI6865,"Low-Density (L): minimum lot 3,000 sf; front and rear 30 ft (RM 25 ft); street side 30 ft; interior sides 5 ft (RM 25 ft); max 40 ft/3 stories.","Minimum Lot Size 3,000 s.f. Minimum Front Setback R1D, R1A, R2 & R3 Subdistricts 30 ft. RM Subdistrict 25 ft. ... RM Subdistrict 25 ft. Maximum Height R1D, R1A, R2 & R3 Subdistricts 40 ft. (not to exceed 3 stories)",high,
903.03.C.2,Site Development Standards,,Residential Zoning Districts.pdf,4,https://ecode360.com/PI6865,"Moderate-Density (M): minimum lot 2,400 sf; front, rear and street side 30 ft (RM 25); interior 5 ft (RM 10); max 40 ft/3 stories (RM 55 ft/4 stories).","Minimum Lot Size 2,400 s.f. ... RM Subdistrict 10 ft. Maximum Height R1D, R1A, R2 & R3 Subdistricts 40 ft. (not to exceed 3 stories) RM Subdistrict 55 ft. (not to exceed 4 stories)",high,
903.03.D.2,Site Development Standards,,Residential Zoning Districts.pdf,6,https://ecode360.com/PI6865,"High-Density (H): minimum lot 1,200 sf; front, rear and street side 15 ft (RM 25 ft); interior 5 ft (RM 10 ft); max 40 ft/3 stories (RM 85 ft/9 stories).","Minimum Lot Size 1,200 s.f. Minimum Front Setback R1D, R1A, R2 & R3 Subdistricts 15 ft. RM Subdistrict 25 ft. ... RM Subdistrict 85 ft. (not to exceed 9 stories)",high,
903.03.E.2,Site Development Standards,,Residential Zoning Districts.pdf,7,https://ecode360.com/PI6865,"Very-High Density (VH): no minimum lot size listed; front/street side 5 ft, rear 15 ft (RM 25 each); interior 5 ft (RM 10); max 40 ft/3 stories (RM 180 ft).","Minimum Front Setback R1D, R1A, R2 & R3 Subdistricts 5 ft. RM Subdistrict 25 ft. Minimum Rear Setback R1D, R1A, R2 & R3 Subdistricts 15 ft. ... RM Subdistrict 180 ft.",high,
903.02.E.2,Site Plan Review,,Residential Zoning Districts.pdf,2,https://ecode360.com/PI6865,"In RM districts, a new multi-unit building with 4 or more units, or enlarging or exterior renovation of one, requires Site Plan Review under Section 922.04.",The following shall require Site Plan Review and approval in accordance with the Site Plan Review procedures of Section 922.04: i. Any new construction of a multi-unit residence that includes four (4) or more units,high,
905.02.C,Site Development Standards,,Special Purpose Districts.pdf,2,https://ecode360.com/PI6865,"Hillside (H) lots need at least 3,200 sf, have no setbacks, max 40 ft/3 stories, may disturb at most 50% of lot area, and building permits get Site Plan Review.","Minimum Lot Size 3,200 s.f. Minimum Front Setback none ... Maximum Height 40 ft. (not to exceed 3 stories) Maximum Area of Disturbance: 50% of total lot area",high,
906.02,"FP-O, Floodplain overlay district",2021-10-11,"FP-O, Floodplain overlay district. - UM-O, Undermined Area Overlay District.pdf",1,https://ecode360.com/PI6865,"Any construction or development in the identified floodplain needs zoning approval from the Zoning Administrator and a Bureau of Building Inspection permit, and must meet this section's flood rules.",any construction or development anywhere within the floodplain unless zoning approval has been obtained from the Zoning Administrator and a permit has been issued by the Bureau of Building Inspection,high,
906.02.E.2.a,,,"FP-O, Floodplain overlay district. - UM-O, Undermined Area Overlay District.pdf",5,https://ecode360.com/PI6865,"In the floodway, no fill, new building or other encroachment is allowed unless engineering analysis shows no rise in base flood levels, and a DEP permit is required.","no encroachments, including fill, new construction, substantial improvements, or other development shall be permitted unless it has been demonstrated through hydrologic and hydraulic analysis ... that the proposed encroachment would not result in any increase in flood levels",high,
906.02.F.2,Elevation and Floodproofing Requirements,,"FP-O, Floodplain overlay district. - UM-O, Undermined Area Overlay District.pdf",7,https://ecode360.com/PI6865,"In AE and A flood zones, new or substantially improved buildings must raise the lowest floor, including basement, to the regulatory flood elevation; non-residential buildings may be floodproofed instead.","shall have the lowest floor (including basement) elevated up to, or above, the regulatory flood elevation, or be designed and constructed so that the space enclosed below the regulatory flood elevation: (i) Is floodproofed",high,
906.02.F.2.a,Residential Structures,,"FP-O, Floodplain overlay district. - UM-O, Undermined Area Overlay District.pdf",7,https://ecode360.com/PI6865,"New or substantially improved homes in AE and A flood zones must have the lowest floor, including any basement, at or above base flood elevation plus 1.5 ft.","any new construction or substantial improvement shall have the lowest floor (including basement) elevated up to, or above, the regulatory flood elevation ... means the base flood elevation (BFE) ... plus a freeboard safety factor of one and one-half (1½) feet",high,
906.02.G.1,,,"FP-O, Floodplain overlay district. - UM-O, Undermined Area Overlay District.pdf",15,https://ecode360.com/PI6865,"Hospitals, nursing homes and correctional facilities may not be started, built or expanded in an identified floodplain area unless the City issues a Special Permit.",the following activities shall be prohibited within any Identified Floodplain Area unless a Special Permit has been issued by the City. ... (1) Hospitals. (2) Nursing homes ... (3) Correctional Facilities.,high,
906.02.I.1.b,,,"FP-O, Floodplain overlay district. - UM-O, Undermined Area Overlay District.pdf",19,https://ecode360.com/PI6865,"In AE zones without a mapped floodway, no variance may be granted for work that, with other existing and expected development, would raise base flood elevation more than 1 ft.","No variance shall be granted for any construction, development, use, or activity within any AE Area/District without floodway that would, together with all other existing and anticipated development, increase the BFE more than one (1) foot at any point.",high,
906.05,"UM-O, Undermined Area Overlay District",,"FP-O, Floodplain overlay district. - UM-O, Undermined Area Overlay District.pdf",25,https://ecode360.com/PI6865,"Over mapped undermined land, the underlying zoning still applies, but builders must investigate mine conditions and may face limits or special construction techniques to reduce subsidence risk.",This objective is implemented by requiring investigation of subsurface conditions in undermined areas and by restricting development in such areas or by requiring the use of specialized construction techniques in mine hazard areas.,high,
906.05.B.1,Mines Underlying Property,,"FP-O, Floodplain overlay district. - UM-O, Undermined Area Overlay District.pdf",25,https://ecode360.com/PI6865,"Before a Certificate of Occupancy for new construction or an enlargement, the applicant must submit all available Pennsylvania DEP information on mines under the property or adjacent properties.",No Certificate of Occupancy application shall be approved for a use involving new construction or enlargement of an existing structure ... until the applicant has submitted all information available from the Pennsylvania Department of Environmental Protection,high,
906.05.B.2,Single-Unit Dwellings,,"FP-O, Floodplain overlay district. - UM-O, Undermined Area Overlay District.pdf",25,https://ecode360.com/PI6865,"A single house, or similar-sized structure, on undermined land may be approved if the owner shows more than 100 ft of cover over the mine and no nearby subsidence.",competent evidence is provided to the Zoning Administrator showing that the site has more than one hundred (100) feet of overburden above the mine and that there is no known history of subsidence incidents in the vicinity,high,
906.05.B.3,Other Development Prohibited,,"FP-O, Floodplain overlay district. - UM-O, Undermined Area Overlay District.pdf",25,https://ecode360.com/PI6865,"Sites with under 100 ft of cover or nearby subsidence, buildings larger or heavier than a typical house, and hazardous uses need a professional site investigation showing reasonable safety.",no Certificate of Occupancy application shall be approved for zoning for construction on any site that has less than one hundred (100) feet of overburden ... for any structure that is larger or heavier than a typical single-unit dwelling,high,
906.05.B.4,Review by Chief,,"FP-O, Floodplain overlay district. - UM-O, Undermined Area Overlay District.pdf",26,https://ecode360.com/PI6865,"If the site investigation recommends special construction techniques, no building or land operations permit is issued until the Chief of Building Inspection approves the plans as safe.",no building permit or land operations permit shall be issued until construction plans have been approved by the Chief of the Bureau of Building Inspection as safe for the site in question,high,
911.02,Use Table,2026-06-11,Use Regulations - Development Standards - Measurements and Definitions.pdf,1,https://ecode360.com/PI6865,"The Use Table shows, for each district, whether a use is allowed by right (P), by Administrator Exception (A), Special Exception (S), Conditional Use (C), or not at all (blank).","Uses identified in a district column with a ""P"" are uses permitted By-Right ... with an ""A"" are Administrator Exceptions ... with an ""S"" are Special Exceptions ... with a ""C"" are Conditional Uses",high,
911.04.A.69,Single-Unit Detached and Attached Residential,,Use Regulations - Development Standards - Measurements and Definitions.pdf,82,https://ecode360.com/PI6865,"In the H district, houses must meet topography, soils, vegetation, access and water/sewer conditions, and clearing is capped at 10% of the lot or 2,400 sf, whichever is larger.","Single-Unit Detached and Attached Residential uses shall be subject to the following conditions in the H District. ... In no case shall more than ten (10) percent, or two thousand four hundred (2,400) square feet, whichever is larger, be cleared.",high,
911.04.A.69(a)(1),Topography,,Use Regulations - Development Standards - Measurements and Definitions.pdf,82,https://ecode360.com/PI6865,"In the H district, the house must sit on buildable land: a contiguous part of the lot whose existing slope is under 30%.",Primary structure must be located on buildable land defined as a contiguous area of the lot less than thirty (30) percent in existing slope.,high,
911.04.A.69(a)(2),Soils,,Use Regulations - Development Standards - Measurements and Definitions.pdf,82,https://ecode360.com/PI6865,"H-district sites must be investigated for soils; the Zoning Administrator may require a soils engineering report, for example for building on natural slopes over 20% or landslide-prone areas.",A soils engineering report may be required at the discretion of the Zoning Administrator. ... Any development proposed on natural slopes greater than twenty (20) percent; c. Areas that are landslide-prone,high,
911.04.A.69A,Single-Unit Attached Residential,,Use Regulations - Development Standards - Measurements and Definitions.pdf,84,https://ecode360.com/PI6865,"In R1D districts, attached single-unit homes are allowed by right on lots 35 ft wide or less; on wider lots they need a Special Exception under Section 922.07.","For lots with Lot Widths of 35 feet or smaller, Single-Unit Attached Uses shall be permitted by right. ... For lots with Lot Widths larger than 35 feet, Single-Unit Attached Uses shall be permitted by the Special Exception Provisions",high,
912.08,Accessory Dwelling Unit Overlay District,2018-09-10,Use Regulations - Development Standards - Measurements and Definitions.pdf,117,https://ecode360.com/PI6865,"Allows accessory dwelling units in the mapped ADU overlay, limited to one per lot, with the owner living on site and leases of at least 30 days.",It is the intent of this Section to permit the construction and operation of Accessory Dwelling Units ... in certain districts. ... No Accessory Dwelling Unit may be leased for a period shorter than thirty (30) days,high,
912.08.D.2,,,Use Regulations - Development Standards - Measurements and Definitions.pdf,117,https://ecode360.com/PI6865,"An accessory dwelling unit is a home under 800 sf serving a building with one legal dwelling; it may be inside the main building, detached, or in an accessory structure.","Accessory Dwelling Unit means a dwelling unit smaller than 800 square feet in area, which is accessory to a structure with a legally established single dwelling unit.",high,
912.08.E.5,,,Use Regulations - Development Standards - Measurements and Definitions.pdf,118,https://ecode360.com/PI6865,An accessory dwelling unit may be no taller than two stories or 30 ft.,"Accessory Dwelling Unit shall not exceed two (2) stories, or thirty (30) feet in height;",high,
913.02,Administrator Exceptions,2018-08-06,Use Regulations - Development Standards - Measurements and Definitions.pdf,119,https://ecode360.com/PI6865,"Lists approvals outside the Use Table granted as Administrator Exceptions under Section 922.08, including single-unit dwellings in undermined areas and the infill-housing parking exception.",The following uses shall be allowed as Administrator Exceptions in accordance with the Review Procedures of Section 922.08. ... 1. Single-Unit Dwellings (Section 906.05.B.2) ... Exception to Off-Street Parking Requirements for Infill Housing (Section 914.11.B.4),high,
913.02.B,Undermined Area Overlay District,,Use Regulations - Development Standards - Measurements and Definitions.pdf,119,https://ecode360.com/PI6865,A single-unit dwelling in the Undermined Area Overlay (Section 906.05.B.2) is approved as an Administrator Exception.,B. Undermined Area Overlay District. 1. Single-Unit Dwellings (Section 906.05.B.2),high,
913.03,Special Exceptions,2021-12-27,Use Regulations - Development Standards - Measurements and Definitions.pdf,120,https://ecode360.com/PI6865,"Lists approvals outside the Use Table granted as Special Exceptions under Section 922.07, such as certain height exceptions and exceptions to the off-street parking schedule.",The following uses shall be allowed as Special Exceptions in accordance with the Review Procedures of Section 922.07. ... Exception to Off-Street Parking Schedule (Section 914.11.A.1),high,
913.04,Conditional Uses,2018-08-06,Use Regulations - Development Standards - Measurements and Definitions.pdf,121,https://ecode360.com/PI6865,"Lists approvals outside the Use Table that are Conditional Uses under Section 922.06, including certain development in the Flood Plain Overlay District.",The following uses shall be allowed as Conditional Uses in accordance with the Review Procedures of Section 922.06. ... A. Flood Plain Overlay District.,high,
914.02,Off-Street Parking Schedules,2024-02-27,Use Regulations - Development Standards - Measurements and Definitions.pdf,123,https://ecode360.com/PI6865,"Sets minimum and maximum off-street parking by use: 1 space per unit for most homes (0 for attached single-unit), up to 4 per unit for single-unit and 2 otherwise.","Single-Unit, Detached 1 per unit 4 per unit Single-Unit Attached 0 per unit 4 per unit Two-Unit 1 per unit 2 per unit Three-Unit 1 per unit 2 per unit Multi-Unit 1 per unit 2 per unit",high,
914.02.A,Schedule A,,Use Regulations - Development Standards - Measurements and Definitions.pdf,123,https://ecode360.com/PI6865,"Off-street parking must fall between Parking Schedule A's minimum and maximum for the use, unless an Alternative Access and Parking Plan is approved under Section 914.07.",Off-street parking spaces shall be provided in accordance with the minimum and maximum standards included in Parking Schedule A. In lieu of complying ... an applicant may request approval of an Alternative Access and Parking Plan,high,
914.04,Off-Street Parking Exemption/Reduction Areas,2023-03-01,Use Regulations - Development Standards - Measurements and Definitions.pdf,127,https://ecode360.com/PI6865,"In mapped Parking Exempt Areas, minimum parking drops by a set share: 100% Downtown, UC-E and Uptown; 50% in UC-MU, R-MU and Riverfront; East Liberty and North Side exclude residential.","shall be decreased as shown in the following table for uses located in districts designated on the Official Zoning Map as ""Parking Exempt Areas."" ... Downtown Any use 100 East Liberty Any use except residential 50",high,
914.11.B.4,Exception to Off-Street Parking Requirements for Infill Housing,,Use Regulations - Development Standards - Measurements and Definitions.pdf,147,https://ecode360.com/PI6865,"The Zoning Administrator may waive parking for a single-unit detached or two-unit home on a lot under 2,500 sf if parking can't fit within setbacks and street parking suffices.","exception to the off-street parking requirements for Single-Unit Detached and Two-Unit residential uses ... The lot size is less than two thousand five hundred (2,500) square feet; (b) Off-street parking cannot be provided on-site without violation of the setback requirements",high,
915.02,Environmental Standards,2005-12-30,Use Regulations - Development Standards - Measurements and Definitions.pdf,148,https://ecode360.com/PI6865,"Sets grading, cut-and-fill, retaining wall, slope replanting, tree survey and tree replacement rules; the grading rules apply to all slopes.","The Grading, Cut, and Fill Standards of this Section Shall Apply to All Slopes. ... Retaining walls or gabions may be permitted to support steep slopes, but shall not exceed ten (10) feet in height.",high,
915.02.A.1.c,,,Use Regulations - Development Standards - Measurements and Definitions.pdf,148,https://ecode360.com/PI6865,Finished grades of 15% or less are encouraged; cut or fill slopes may not exceed 25% unless a geotechnical report certifies them and walls or terraces stabilize the slope.,Finished grades of fifteen (15) percent or less are strongly encouraged. Cut or filled slopes shall not exceed twenty-five (25) percent unless: (1) The applicant submits a geotechnical investigation report that certifies the safety and suitability of such slopes,high,
915.02.A.1.e,,,Use Regulations - Development Standards - Measurements and Definitions.pdf,148,https://ecode360.com/PI6865,Retaining walls or gabions may be used to support steep slopes but may be no taller than 10 ft.,"Retaining walls or gabions may be permitted to support steep slopes, but shall not exceed ten (10) feet in height.",high,
915.02.B,Slope Revegatation Standards,,Use Regulations - Development Standards - Measurements and Definitions.pdf,148,https://ecode360.com/PI6865,"Slopes over 15% exposed or created during development must be replanted: at least one canopy tree, two evergreens, two understory trees and five shrubs per 150 sf.",any slope in excess of fifteen (15) percent grade exposed or created during development shall be landscaped or revegetated with trees and other plant material at the following minimum planting densities per one hundred fifty (150) square feet,high,
915.02.C,Tree and Vegetative Surveys,,Use Regulations - Development Standards - Measurements and Definitions.pdf,149,https://ecode360.com/PI6865,"A tree survey is required for development applications on sites larger than a quarter acre (10,890 sf).","The Zoning Administrator shall require a tree survey for development applications on any site greater than one-quarter (¼) acre (ten thousand eight hundred ninety (10,890) square feet).",high,
916.02,Building Height and Setback Standards,,Use Regulations - Development Standards - Measurements and Definitions.pdf,164,https://ecode360.com/PI6865,"Near R1D, R1A, R2, R3 or H lots, covered development needs larger setbacks (often 15 ft) and max 40 ft/3 stories within 50 ft, 50 ft/4 stories at 51-100 ft.",shall be a minimum of fifteen (15) feet. ... shall not exceed forty (40) feet or three (3) stories in height when located within fifty (50) feet ... fifty (50) feet or four (4) stories,medium,
925.01,Lot Size,2002-12-03,Use Regulations - Development Standards - Measurements and Definitions.pdf,221,https://ecode360.com/PI6865,"No permit or approval is issued for a lot below the district minimum, except lots reduced by public-purpose conveyances, small utility sites and certain single-unit dwellings.",No building permit or development approval shall be issued for a lot that does not meet the minimum lot size requirements of this Code except in the following cases.,high,
925.01.C,Single-Unit Dwelling Exemptions,,Use Regulations - Development Standards - Measurements and Definitions.pdf,221,https://ecode360.com/PI6865,"One house may be built on a lot legally platted or recorded before the code, and other undersized recorded lots may get a single house by Administrator Exception.",shall not be interpreted as prohibiting the construction of a single-unit residential dwelling unit on a lot that was legally platted or recorded prior to the adoption of this Code.,high,
925.01.C.2,,,Use Regulations - Development Standards - Measurements and Definitions.pdf,221,https://ecode360.com/PI6865,A single house on a recorded lot smaller than the Chapter 903 or 905 minimum may be approved as an Administrator's Exception under Section 922.08.,"A single unit dwelling on a recorded zoning lot with a lot area less than otherwise required by the provisions of Chapter 903 or of Chapter 905, may be approved as an Administrator's Exception",high,
925.02,Lot Width,,Use Regulations - Development Standards - Measurements and Definitions.pdf,221,https://ecode360.com/PI6865,"Lot width is the distance between side lot lines, measured parallel to the front lot line at the minimum front setback distance.",The minimum lot width shall be measured between the side lot lines along a line that is parallel to the front lot line and located the minimum front setback distance from the front lot line.,high,
925.03,Density,,Use Regulations - Development Standards - Measurements and Definitions.pdf,221,https://ecode360.com/PI6865,Density is the number of dwelling units per gross acre: units divided by lot area in acres.,Density refers to the number of dwelling units for each (gross) acre of land. Density shall be calculated by dividing the number of dwelling units by the lot area (in acres).,high,
925.06,Setbacks,2021-12-27,Use Regulations - Development Standards - Measurements and Definitions.pdf,222,https://ecode360.com/PI6865,"Setbacks are open space between a building's furthest projection and the property line, open to the sky except listed features; contextual front, side and rear setbacks may be used.",Setbacks refer to the required unoccupied open space between the furthermost projection of a structure and the property line of the lot on which the structure is located,high,
925.06.C,Contextual Side Setbacks,,Use Regulations - Development Standards - Measurements and Definitions.pdf,224,https://ecode360.com/PI6865,A side setback may match the adjacent lot's existing setback but not below 3 ft; houses on lots under 60 ft wide may use reduced side yards of 3-5 ft.,A Contextual Side Setback may fall at any point between the required side setback and the side setback that exists on a lot that is adjacent ... but shall be a minimum of three (3) feet.,high,
925.07,Height,2018-08-06,Use Regulations - Development Standards - Measurements and Definitions.pdf,228,https://ecode360.com/PI6865,"Height is measured from average finished grade at the front wall to the roof, with rules for counting stories, exempt rooftop features, and optional contextual height.",building height refers to the vertical distance between the average finished grade along the wall facing the front street yard at the base of the building and: 1) the highest point of the coping of a flat roof,high,
922.05,,,Use Regulations - Development Standards - Measurements and Definitions.pdf,117,https://ecode360.com/PI6865,Zoning map and text amendment procedure (rezonings); the ADU overlay in 912.08.C was adopted this way.,Adoption of both a Preliminary and Permanent Accessory Dwelling Unit Overlay District shall be in accordance with the Zoning Map and Text Amendment Procedures of Section 922.05.,low,
922.06,,,Use Regulations - Development Standards - Measurements and Definitions.pdf,1,https://ecode360.com/PI6865,The Conditional Use review procedures that uses marked C in the Use Table must pass; Section 911.02 describes these as review by City Council.,"E. Conditional Uses Requiring Review by the City Council. Uses identified in a district column with a ""C"" are Conditional Uses ... in accordance with the Conditional Use review procedures of Section 922.06.",low,
922.07,,,Use Regulations - Development Standards - Measurements and Definitions.pdf,1,https://ecode360.com/PI6865,The Special Exception review procedures under which the Zoning Board of Adjustment reviews and approves uses marked S in the Use Table.,"Uses identified in a district column with an ""S"" are Special Exceptions ... only if reviewed and approved by the Zoning Board of Adjustment in accordance with the Special Exception review procedures of Section 922.07.",low,
922.08,,,Use Regulations - Development Standards - Measurements and Definitions.pdf,1,https://ecode360.com/PI6865,The Zoning Administrator Exception review procedures under which uses marked A in the Use Table are reviewed and approved.,"Uses identified in a district column with an ""A"" are Administrator Exceptions and shall be allowed the respective district only if reviewed and approved in accordance with the Zoning Administrator Exception review procedures of Section 922.08.",low,
922.09,,,"FP-O, Floodplain overlay district. - UM-O, Undermined Area Overlay District.pdf",19,https://ecode360.com/PI6865,The procedures under which the Zoning Board of Adjustment considers variance requests; subsection 922.09.E lists considerations the Board weighs.,Requests for variances shall be considered by the Zoning Board of Adjustment in accordance with the procedures contained in Section 922.09 ... in addition to the considerations of Section 922.09.E.,low,
